<project xmlns="http://maven.apache.org/POM/4.0.0" xmlns:xsi="http://www.w3.org/2001/XMLSchema-instance"
  xsi:schemaLocation="http://maven.apache.org/POM/4.0.0 http://maven.apache.org/maven-v4_0_0.xsd">
  <modelVersion>4.0.0</modelVersion>
  <groupId>com.cgi.netbanking</groupId>
  <artifactId>HSBCProject</artifactId>
  <packaging>jar</packaging>
  <version>1.0</version>
  <name>HSBCPackage</name>
  <url>http://maven.apache.org</url>
  <dependencies>
 
  
    <dependency>
      <groupId>junit</groupId>
      <artifactId>junit</artifactId>
      <version>4.12</version>
      <scope>test</scope>
    </dependency>
  </dependencies>
  <build>
  <plugins>
  <plugin>
  <groupId>org.apache.maven.plugins</groupId>
        <artifactId>maven-compiler-plugin</artifactId>
        
        <configuration>
          <source>1.7</source>
          <target>1.7</target>
        </configuration>
  </plugin>
  <plugin>
            <groupId>org.apache.maven.plugins</groupId>
            <artifactId>maven-surefire-plugin</artifactId>
            <version>2.7.2</version>
            <configuration>
                <includes>
                   <!--  <include>**/${testGroup}/*Test.java</include>--> 
                     <include>com/cgi/netbanking/*Test.java</include>
                </includes>
            </configuration>
        </plugin>
  </plugins>
  </build>
  
  
</project>
