<project xmlns="http://maven.apache.org/POM/4.0.0" xmlns:xsi="http://www.w3.org/2001/XMLSchema-instance"
  xsi:schemaLocation="http://maven.apache.org/POM/4.0.0 http://maven.apache.org/maven-v4_0_0.xsd">
  <modelVersion>4.0.0</modelVersion>
  <groupId>com.cgi.lms</groupId>
  <artifactId>LMSWebApp</artifactId>
  <packaging>war</packaging>
  <version>0.0.1-SNAPSHOT</version>
  <name>LMSWebApp Maven Webapp</name>
  <url>http://maven.apache.org</url>
   <properties>
            <maven.tomcat.port>9090</maven.tomcat.port>
        </properties>
  <dependencies>
    <dependency>
      <groupId>junit</groupId>
      <artifactId>junit</artifactId>
      <version>3.8.1</version>
      <scope>test</scope>
    </dependency>
    <!-- https://mvnrepository.com/artifact/javax.servlet/javax.servlet-api -->
<dependency>
    <groupId>javax.servlet</groupId>
    <artifactId>javax.servlet-api</artifactId>
    <version>3.0.1</version>
    <scope>provided</scope>
</dependency>
    
  </dependencies>
  <build>
    <finalName>LMSWebApp</finalName>
    <plugins>
  
      <plugin>
        <groupId>org.apache.maven.plugins</groupId>
        <artifactId>maven-compiler-plugin</artifactId>
        
        <configuration>
          <source>1.7</source>
          <target>1.7</target>
        </configuration>
      </plugin>
      
      <plugin>
            <groupId>org.apache.maven.plugins</groupId>
            <artifactId>maven-surefire-plugin</artifactId>
            <version>2.7.2</version>
            <configuration>
                <includes>
                    <include>**/${testGroup}/*Test.java</include>
                </includes>
            </configuration>
        </plugin>
<!-- For Maven Tomcat Plugin -->
		  <plugin>
			<groupId>org.apache.tomcat.maven</groupId>
			<artifactId>tomcat7-maven-plugin</artifactId>
			<version>2.2</version>
			<configuration>
			 <port>${maven.tomcat.port}</port>
				<path>/LMSWebApp</path>
			</configuration>
		  </plugin>
  </plugins>
    
    
  </build>
</project>
